{
  "15 Temmuz Delikliçınar Şehitler Meydanı, Denizli, Türkiye": [
    37.7894158,
    29.0294812
  ],
  "Afşin, Kahramanmaraş, Türkiye": [
    38.243802,
    36.914722
  ],
  "Akyazı, Trabzon, Türkiye": [
    40.992178,
    39.6331289
  ],
  "Akçay Kordon, Balıkesir, Türkiye": [
    39.580535,
    26.9309968
  ],
  "Alaaddin Caddesi, Konya, Türkiye": [
    37.8731128,
    32.4904076
  ],
  "Alaeddin Keykubad Camii, Konya, Türkiye": [
    37.8733413,
    32.4928914
  ],
  "Alantur, Alanya, Antalya, Türkiye": [
    36.5205576,
    32.0563502
  ],
  "Ali Hikmet Paşa Meydanı, Balıkesir, Türkiye": [
    39.6479413,
    27.8812348
  ],
  "Altınkum Plajı, Balıkesir, Türkiye": [
    39.571107,
    26.9407181
  ],
  "Altınkum Skate Park, Balıkesir, Türkiye": [
    39.5639942,
    26.9486893
  ],
  "Altınoluk Kordon, Balıkesir, Türkiye": [
    39.566041,
    26.747277
  ],
  "Andırın, Kahramanmaraş, Türkiye": [
    37.57571799999999,
    36.349767
  ],
  "Araştırma Yolu, Rize, Türkiye": [
    41.03765,
    40.571495
  ],
  "Atatürk Anıtı, Balıkesir, Türkiye": [
    39.643173,
    27.886385
  ],
  "Atatürk Bulvarı, Marmaris, Muğla, Türkiye": [
    36.8769465,
    28.2671015
  ],
  "Atatürk Bulvarı, Çaycuma, Zonguldak, Türkiye": [
    41.427343,
    32.072631
  ],
  "Atatürk Köşkü, Trabzon, Türkiye": [
    40.9797269,
    39.6975109
  ],
  "Atatürk Meydanı, Giresun, Türkiye": [
    40.917458,
    38.383745
  ],
  "Atatürk Parkı, Balıkesir, Türkiye": [
    39.6435127,
    27.8860798
  ],
  "Avlu Yaşam Merkezi, Balıkesir, Türkiye": [
    39.6524154,
    27.900621
  ],
  "Ayasofya, Trabzon, Türkiye": [
    41.0030349,
    39.6961001
  ],
  "Balık Pazarı, Giresun, Türkiye": [
    40.9155354,
    38.3826236
  ],
  "Bandırma Sahil, Balıkesir, Türkiye": [
    40.3587974,
    27.9703586
  ],
  "Bağbaşı Yaylası, Denizli, Türkiye": [
    37.6968506,
    29.1435095
  ],
  "Belh Kavşağı, Konya, Türkiye": [
    37.8961309,
    32.5044547
  ],
  "Bigadiç Meydan, Balıkesir, Türkiye": [
    39.4578606,
    28.2526623
  ],
  "Bilim Merkezi, Konya, Türkiye": [
    37.9878382,
    32.5927663
  ],
  "Botanikpark, Giresun, Türkiye": [
    40.9151964,
    38.4022453
  ],
  "Bozburun, Marmaris, Muğla, Türkiye": [
    36.683674,
    28.0631193
  ],
  "Boztepe Manzara, Trabzon, Türkiye": [
    40.9977633,
    39.729373
  ],
  "Boğaziçi Kavşağı, Kahramanmaraş, Türkiye": [
    37.5819144,
    36.8670632
  ],
  "Cadde Kamera, Giresun, Türkiye": [
    40.9123759,
    38.398668
  ],
  "Cleopatra, Alanya, Antalya, Türkiye": [
    36.5533266,
    31.9728367
  ],
  "Cumhuriyet Meydanı, Çaycuma, Zonguldak, Türkiye": [
    41.427343,
    32.072631
  ],
  "Cunda Liman, Balıkesir, Türkiye": [
    39.3314822,
    26.6567142
  ],
  "Damlatas, Alanya, Antalya, Türkiye": [
    36.5418297,
    31.98866769999999
  ],
  "Dağbaşı, Rize, Türkiye": [
    41.0097554,
    40.5063248
  ],
  "Denizli Kayak Merkezi, Denizli, Türkiye": [
    37.3152133,
    29.1895167
  ],
  "Devlet Hastanesi, Rize, Türkiye": [
    41.0283384,
    40.5144742
  ],
  "Değirmendere, Trabzon, Türkiye": [
    40.9970149,
    39.7434164
  ],
  "Dinek, Alanya, Antalya, Türkiye": [
    36.544443,
    31.995408
  ],
  "Dursunbey Suçıktı, Balıkesir, Türkiye": [
    39.5975694,
    28.625831
  ],
  "Ekinözü, Kahramanmaraş, Türkiye": [
    38.059322,
    37.188692
  ],
  "Elbistan Belediye, Kahramanmaraş, Türkiye": [
    38.206537,
    37.193076
  ],
  "Eski Garaj, Konya, Türkiye": [
    37.8650786,
    32.5031778
  ],
  "Expo, Kahramanmaraş, Türkiye": [
    37.6046241,
    36.7837829
  ],
  "Galericiler Kavşağı, Konya, Türkiye": [
    37.9031455,
    32.5141454
  ],
  "Gaziler, Giresun, Türkiye": [
    40.9173923,
    38.32113409999999
  ],
  "Giresun Kalesi, Giresun, Türkiye": [
    40.9215233,
    38.3906066
  ],
  "Göksun Meydan, Kahramanmaraş, Türkiye": [
    38.0218229,
    36.4989217
  ],
  "Gönen Meydan, Balıkesir, Türkiye": [
    40.1034832,
    27.654213
  ],
  "Hayvan Bakım Evi -, Konya, Türkiye": [
    37.7903105,
    32.2343873
  ],
  "Kale, Rize, Türkiye": [
    41.0236649,
    40.5075715
  ],
  "Kanuni Evi, Trabzon, Türkiye": [
    41.0047124,
    39.71888819999999
  ],
  "Kapalı Çarşı, Kahramanmaraş, Türkiye": [
    37.5821636,
    36.9288421
  ],
  "Karatay Medresesi, Konya, Türkiye": [
    37.8749846,
    32.4930173
  ],
  "Kayalıpark, Konya, Türkiye": [
    37.871582,
    32.4978905
  ],
  "Kent Plaza Kavşağı, Konya, Türkiye": [
    37.9057173,
    32.4948214
  ],
  "Konya Büyükşehir Stadyumu, Konya, Türkiye": [
    37.9461947,
    32.4880881
  ],
  "Kordon Caddesi 1, Marmaris, Muğla, Türkiye": [
    36.8528597,
    28.2717698
  ],
  "Kordon Caddesi 2, Marmaris, Muğla, Türkiye": [
    36.8520639,
    28.2745429
  ],
  "Kule Kavşağı, Konya, Türkiye": [
    37.8891802,
    32.49370260000001
  ],
  "Kültürpark, Konya, Türkiye": [
    37.8751151,
    32.4891489
  ],
  "Kılıçarslan Şehir Meydanı, Konya, Türkiye": [
    37.875014,
    32.491967
  ],
  "Laodikeia, Denizli, Türkiye": [
    37.8367423,
    29.1087807
  ],
  "Mahmutlar, Alanya, Antalya, Türkiye": [
    36.4816517,
    32.1084376
  ],
  "Malik Ejder, Kahramanmaraş, Türkiye": [
    37.551149,
    36.9057288
  ],
  "Menderes Bulvarı, Rize, Türkiye": [
    41.0258043,
    40.5300346
  ],
  "Mevlana - Üçler Kavşağı, Konya, Türkiye": [
    37.8697586,
    32.5042307
  ],
  "Mevlana Caddesi, Konya, Türkiye": [
    37.8717173,
    32.4995236
  ],
  "Mevlana Kültür Merkezi, Konya, Türkiye": [
    37.8690757,
    32.5153387
  ],
  "Mevlana Meydanı, Konya, Türkiye": [
    37.870807,
    32.5036811
  ],
  "Meydan Park-1, Trabzon, Türkiye": [
    41.0053718,
    39.73087779999999
  ],
  "Meydan, Marmaris, Muğla, Türkiye": [
    36.8548726,
    28.2704334
  ],
  "Meydan, Rize, Türkiye": [
    40.891759,
    40.929983
  ],
  "Millet Bahçesi, Konya, Türkiye": [
    37.8652053,
    32.4825466
  ],
  "Millet Caddesi, Konya, Türkiye": [
    37.8703187,
    32.4805805
  ],
  "Mobilyacılar Kavşağı, Konya, Türkiye": [
    37.8792794,
    32.4555561
  ],
  "Mola Meydanı, Alanya, Antalya, Türkiye": [
    36.5437269,
    32.001958
  ],
  "Nurhak, Kahramanmaraş, Türkiye": [
    37.9656329,
    37.44744499999999
  ],
  "Oba Mah., Alanya, Antalya, Türkiye": [
    36.55003,
    32.059148
  ],
  "Otogar Kavşağı, Konya, Türkiye": [
    37.9487938,
    32.5137689
  ],
  "Oyuncakistan, Trabzon, Türkiye": [
    41.0036429,
    39.695121
  ],
  "Pazarcık Meydan, Kahramanmaraş, Türkiye": [
    37.489462,
    37.293574
  ],
  "Rıhtım, Alanya, Antalya, Türkiye": [
    36.5366001,
    31.9992643
  ],
  "Sahil Cami, Rize, Türkiye": [
    41.0246134,
    40.5289733
  ],
  "Sahildinek, Alanya, Antalya, Türkiye": [
    36.5322261,
    32.03793040000001
  ],
  "Sahilkestel, Alanya, Antalya, Türkiye": [
    36.558003,
    31.96518
  ],
  "Sahilsanayi, Alanya, Antalya, Türkiye": [
    36.5322261,
    32.03793040000001
  ],
  "Sarraflar Yeraltı Çarşısı, Konya, Türkiye": [
    37.8715584,
    32.5003676
  ],
  "Sarıkaş Yaya Köprüsü, Çaycuma, Zonguldak, Türkiye": [
    41.41569510000001,
    32.0852305
  ],
  "Sille Kavşağı, Konya, Türkiye": [
    37.89245,
    32.4770292
  ],
  "Tavşantepe Kavşağı, Kahramanmaraş, Türkiye": [
    37.597767,
    36.898244
  ],
  "Teleferik, Denizli, Türkiye": [
    37.7215076,
    29.1398636
  ],
  "Toplu Taşıma Merkezi, Balıkesir, Türkiye": [
    39.6483,
    27.8883
  ],
  "Tortum Bağbaşı, Erzurum, Türkiye": [
    40.5099919,
    41.459689
  ],
  "Tortum Merkez, Erzurum, Türkiye": [
    40.29465099999999,
    41.549952
  ],
  "Tortum Meydan, Erzurum, Türkiye": [
    40.29465099999999,
    41.549952
  ],
  "Tortum Şenyurt, Erzurum, Türkiye": [
    40.3911331,
    41.3310934
  ],
  "Tosmur D-, Alanya, Antalya, Türkiye": [
    36.5291966,
    32.0524936
  ],
  "Tören Alanı, Rize, Türkiye": [
    41.0290957,
    40.5151561
  ],
  "Türbe Önü, Konya, Türkiye": [
    37.871782,
    32.5046239
  ],
  "Türk Yıldızları Parkı, Konya, Türkiye": [
    37.9574915,
    32.5591157
  ],